HH7_region,country_orig,name_orig,country_matched,NAME_1_matched,NAME_2_matched,NAME_3_matched,NAME_4_matched,NAME_1_matched_fuzz,NAME_2_matched_fuzz,NAME_3_matched_fuzz,NAME_4_matched_fuzz,accepted,level,substituted in Name_1 with NA from:,Aggregate
Bagerhat,Bangladesh,Bagerhat,Bangladesh,NA,Bagerhat,NA,NA,NA,NA,NA,NA,1,,,
Bandarban,Bangladesh,Bandarban,Bangladesh,NA,Bandarban,NA,NA,NA,NA,NA,NA,1,,,
Barguna,Bangladesh,Barguna,Bangladesh,NA,Barguna,NA,NA,NA,NA,NA,NA,1,,,
Barishal,Bangladesh,Barishal,Bangladesh,NA,NA,NA,NA,NA,Barisal,NA,NA,1,2,(available at both level 1 and 2) Barisal,
Bhola,Bangladesh,Bhola,Bangladesh,NA,Bhola,NA,NA,NA,NA,NA,NA,1,,,
Bogura,Bangladesh,Bogura,Bangladesh,NA,NA,NA,NA,NA,Bogra,NA,NA,1,2,Barisal,
Brahmanbaria,Bangladesh,Brahmanbaria,Bangladesh,NA,NA,NA,NA,NA,Brahamanbaria,NA,NA,1,2,Rajshahi,
Chandpur,Bangladesh,Chandpur,Bangladesh,NA,Chandpur,NA,NA,NA,NA,NA,NA,1,,,
Chapai Nawabganj,Bangladesh,Chapai Nawabganj,Bangladesh,NA,NA,NA,NA,NA,Nawabganj,NA,NA,1,2,Chittagong,
Chattogram,Bangladesh,Chattogram,Bangladesh,NA,NA,NA,NA,NA,Chittagong,NA,NA,1,2,(available at both level 1 and 2) Chittagong,
Chuadanga,Bangladesh,Chuadanga,Bangladesh,NA,Chuadanga,NA,NA,NA,NA,NA,NA,1,,,
Cox s Bazar,Bangladesh,Cox s Bazar,Bangladesh,NA,NA,NA,NA,NA,Cox'S Bazar,NA,NA,1,2,Cox's Bazar,
Cumilla,Bangladesh,Cumilla,Bangladesh,NA,NA,NA,NA,NA,Comilla,NA,NA,1,2,Khulna,
Dhaka,Bangladesh,Dhaka,Bangladesh,NA,Dhaka,NA,NA,NA,NA,NA,NA,1,,,
Dinajpur,Bangladesh,Dinajpur,Bangladesh,NA,Dinajpur,NA,NA,NA,NA,NA,NA,1,,,
Faridpur,Bangladesh,Faridpur,Bangladesh,NA,Faridpur,NA,NA,NA,NA,NA,NA,1,,"(available at both level 1, 2 and 3)",
Feni,Bangladesh,Feni,Bangladesh,NA,Feni,NA,NA,NA,NA,NA,NA,1,,,
Gaibandha,Bangladesh,Gaibandha,Bangladesh,NA,Gaibandha,NA,NA,NA,NA,NA,NA,1,,(available at multiple levels),
Gazipur,Bangladesh,Gazipur,Bangladesh,NA,Gazipur,NA,NA,NA,NA,NA,NA,1,,,
Gopalganj,Bangladesh,Gopalganj,Bangladesh,NA,Gopalganj,NA,NA,NA,NA,NA,NA,1,,,
Habiganj,Bangladesh,Habiganj,Bangladesh,NA,Habiganj,NA,NA,NA,NA,NA,NA,1,,,
Jamalpur,Bangladesh,Jamalpur,Bangladesh,NA,Jamalpur,NA,NA,NA,NA,NA,NA,1,,(available at multiple levels),
Jashore,Bangladesh,Jashore,Bangladesh,NA,NA,NA,NA,NA,Jessore,NA,NA,1,2,Rajshahi,
Jhalokati,Bangladesh,Jhalokati,Bangladesh,NA,Jhalokati,NA,NA,NA,NA,NA,NA,1,,,
Jhenaidah,Bangladesh,Jhenaidah,Bangladesh,NA,Jhenaidah,NA,NA,NA,NA,NA,NA,1,,,
Joypurhat,Bangladesh,Joypurhat,Bangladesh,NA,Joypurhat,NA,NA,NA,NA,NA,NA,1,,,
Khagrachhari,Bangladesh,Khagrachhari,Bangladesh,NA,Khagrachhari,NA,NA,NA,NA,NA,NA,1,,(available at multiple levels),
Khulna,Bangladesh,Khulna,Bangladesh,NA,Khulna,NA,NA,NA,NA,NA,NA,1,,(available at multiple levels),
Kishoregonj,Bangladesh,Kishoregonj,Bangladesh,NA,NA,NA,NA,NA,Kishoreganj,NA,NA,1,2,Chittagong,
Kurigram,Bangladesh,Kurigram,Bangladesh,NA,Kurigram,NA,NA,NA,NA,NA,NA,1,,,
Kushtia,Bangladesh,Kushtia,Bangladesh,NA,Kushtia,NA,NA,NA,NA,NA,NA,1,,(available at multiple levels),
Lakshmipur,Bangladesh,Lakshmipur,Bangladesh,NA,Lakshmipur,NA,NA,NA,NA,NA,NA,1,,(available at multiple levels),
Lalmonirhat,Bangladesh,Lalmonirhat,Bangladesh,NA,Lalmonirhat,NA,NA,NA,NA,NA,NA,1,,,
Madaripur,Bangladesh,Madaripur,Bangladesh,NA,Madaripur,NA,NA,NA,NA,NA,NA,1,,,
Magura,Bangladesh,Magura,Bangladesh,NA,Magura,NA,NA,NA,NA,NA,NA,1,,(available at multiple levels),
Manikganj,Bangladesh,Manikganj,Bangladesh,NA,Manikganj,NA,NA,NA,NA,NA,NA,1,,,
Maulvibazar,Bangladesh,Maulvibazar,Bangladesh,NA,Maulvibazar,NA,NA,NA,NA,NA,NA,1,,,
Meherpur,Bangladesh,Meherpur,Bangladesh,NA,Meherpur,NA,NA,NA,NA,NA,NA,1,,,
Munshiganj,Bangladesh,Munshiganj,Bangladesh,NA,Munshiganj,NA,NA,NA,NA,NA,NA,1,,(available at multiple levels),
Mymensingh,Bangladesh,Mymensingh,Bangladesh,NA,Mymensingh,NA,NA,NA,NA,NA,NA,1,,,
Naogaon,Bangladesh,Naogaon,Bangladesh,NA,Naogaon,NA,NA,NA,NA,NA,NA,1,,(available at multiple levels),
Narail,Bangladesh,Narail,Bangladesh,NA,Narail,NA,NA,NA,NA,NA,NA,1,,(available at multiple levels),
Narayangonj,Bangladesh,Narayangonj,Bangladesh,NA,NA,NA,NA,NA,Narayanganj,NA,NA,1,2,Barisal,
Narsingdi,Bangladesh,Narsingdi,Bangladesh,NA,Narsingdi,NA,NA,NA,NA,NA,NA,1,,,
Natore,Bangladesh,Natore,Bangladesh,NA,Natore,NA,NA,NA,NA,NA,NA,1,,,
Netrokona,Bangladesh,Netrokona,Bangladesh,NA,NA,NA,NA,NA,Netrakona,NA,NA,1,2,Sylhet,
Nilphamari,Bangladesh,Nilphamari,Bangladesh,NA,Nilphamari,NA,NA,NA,NA,NA,NA,1,,,
Noakhali,Bangladesh,Noakhali,Bangladesh,NA,Noakhali,NA,NA,NA,NA,NA,NA,1,,(available at multiple levels),
Pabna,Bangladesh,Pabna,Bangladesh,NA,Pabna,NA,NA,NA,NA,NA,NA,1,,,
Panchagarh,Bangladesh,Panchagarh,Bangladesh,NA,Panchagarh,NA,NA,NA,NA,NA,NA,1,,(available at multiple levels),
Patuakhali,Bangladesh,Patuakhali,Bangladesh,NA,Patuakhali,NA,NA,NA,NA,NA,NA,1,,,
Pirojpur,Bangladesh,Pirojpur,Bangladesh,NA,Pirojpur,NA,NA,NA,NA,NA,NA,1,,(available at multiple levels),
Rajbari,Bangladesh,Rajbari,Bangladesh,NA,Rajbari,NA,NA,NA,NA,NA,NA,1,,,
Rajshahi,Bangladesh,Rajshahi,Bangladesh,NA,Rajshahi,NA,NA,NA,NA,NA,NA,1,,(available at multiple levels),
Rangamati,Bangladesh,Rangamati,Bangladesh,NA,Rangamati,NA,NA,NA,NA,NA,NA,1,,,
Rangpur,Bangladesh,Rangpur,Bangladesh,NA,Rangpur,NA,NA,NA,NA,NA,NA,1,,(available at multiple levels),
Satkhira,Bangladesh,Satkhira,Bangladesh,NA,Satkhira,NA,NA,NA,NA,NA,NA,1,,,
Shariatpur,Bangladesh,Shariatpur,Bangladesh,NA,Shariatpur,NA,NA,NA,NA,NA,NA,1,,,
Sherpur,Bangladesh,Sherpur,Bangladesh,NA,Sherpur,NA,NA,NA,NA,NA,NA,1,,(available at multiple levels),
Sirajganj,Bangladesh,Sirajganj,Bangladesh,NA,Sirajganj,NA,NA,NA,NA,NA,NA,1,,,
Sunamganj,Bangladesh,Sunamganj,Bangladesh,NA,Sunamganj,NA,NA,NA,NA,NA,NA,1,,,
Sylhet,Bangladesh,Sylhet,Bangladesh,NA,Sylhet,NA,NA,NA,NA,NA,NA,1,,(available at multiple levels),
Tangail,Bangladesh,Tangail,Bangladesh,NA,Tangail,NA,NA,NA,NA,NA,NA,1,,,
Thakurgaon,Bangladesh,Thakurgaon,Bangladesh,NA,Thakurgaon,NA,NA,NA,NA,NA,NA,1,,,
Banjul,Gambia,Banjul,Gambia,NA,Banjul,NA,NA,NA,NA,NA,NA,1,,(available at multiple levels),
Basse,Gambia,Basse,Gambia,NA,NA,NA,NA,Upper River,NA,NA,NA,1,1,Banjul,
Brikama,Gambia,Brikama,Gambia,NA,NA,NA,NA,Western,NA,NA,NA,1,1,North Bank,
Janjanbureh,Gambia,Janjanbureh,Gambia,NA,Janjanbureh,NA,NA,NA,NA,NA,NA,1,2,,
Kanifing,Gambia,Kanifing,Gambia,NA,Kanifing,NA,NA,NA,NA,NA,NA,1,2,,
Kerewan,Gambia,Kerewan,Gambia,NA,NA,NA,NA,North Bank,NA,NA,NA,1,1,Western,
Kuntaur,Gambia,Kuntaur,Gambia,NA,NA,NA,NA,MacCarthy Island,NA,NA,NA,0,1,Banjul,"Aggregate: Upper Saloum, Nianija, Lower Saloum, Niamina East, Niamina Dankunku, Niamina West"
Mansakonko,Gambia,Mansakonko,Gambia,NA,NA,NA,NA,Lower River,NA,NA,NA,1,1,Maccarthy Island,
ADJARA A R ,Georgia,Adjara A r ,Georgia,NA,NA,NA,NA,Ajaria,NA,NA,NA,1,1,Gagra,
GURIA,Georgia,Guria,Georgia,Guria,NA,NA,NA,NA,NA,NA,NA,1,,,
IMERETI,Georgia,Imereti,Georgia,Imereti,NA,NA,NA,NA,NA,NA,NA,1,,,
KHAKHETI,Georgia,Khakheti,Georgia,NA,NA,NA,NA,Kakheti,NA,NA,NA,1,1,,
KVEMO KARTLI,Georgia,Kvemo Kartli,Georgia,Kvemo Kartli,NA,NA,NA,NA,NA,NA,NA,1,,,
MTKHETA MTIANETI,Georgia,Mtkheta Mtianeti,Georgia,NA,NA,NA,NA,Mtskheta-Mtianeti,NA,NA,NA,1,1,,
SAMEGRELO ZEMO SVANETI,Georgia,Samegrelo-Zemo Svaneti,Georgia,Samegrelo-Zemo Svaneti,NA,NA,NA,NA,NA,NA,NA,1,,,
SAMTSKHE JAVAKHETI,Georgia,Samtskhe-Javakheti,Georgia,Samtskhe-Javakheti,NA,NA,NA,NA,NA,NA,NA,1,,,
SHIDA KARTLI,Georgia,Shida Kartli,Georgia,Shida Kartli,NA,NA,NA,NA,NA,NA,NA,1,,,
TBILISI,Georgia,Tbilisi,Georgia,Tbilisi,NA,NA,NA,NA,NA,NA,NA,1,,(available at multiple levels),
ASHANTI,Ghana,Ashanti,Ghana,Ashanti,NA,NA,NA,NA,NA,NA,NA,1,,,
BRONG AHAFO,Ghana,Brong Ahafo,Ghana,Brong Ahafo,NA,NA,NA,NA,NA,NA,NA,1,,,
CENTRAL,Ghana,Central,Ghana,Central,NA,NA,NA,NA,NA,NA,NA,1,,,
EASTERN,Ghana,Eastern,Ghana,Eastern,NA,NA,NA,NA,NA,NA,NA,1,,,
GREATER ACCRA,Ghana,Greater Accra,Ghana,Greater Accra,NA,NA,NA,NA,NA,NA,NA,1,,,
NORTHERN,Ghana,Northern,Ghana,Northern,NA,NA,NA,NA,NA,NA,NA,1,,,
UPPER EAST,Ghana,Upper East,Ghana,Upper East,NA,NA,NA,NA,NA,NA,NA,1,,,
UPPER WEST,Ghana,Upper West,Ghana,Upper West,NA,NA,NA,NA,NA,NA,NA,1,,,
VOLTA,Ghana,Volta,Ghana,Volta,NA,NA,NA,NA,NA,NA,NA,1,,,
WESTERN,Ghana,Western,Ghana,Western,NA,NA,NA,NA,NA,NA,NA,1,,,
Biombo,Guinea-Bissau,Biombo,Guinea-Bissau,Biombo,NA,NA,NA,NA,NA,NA,NA,1,,,
Cacheu,Guinea-Bissau,Cacheu,Guinea-Bissau,Cacheu,NA,NA,NA,NA,NA,NA,NA,1,,(available at multiple levels),
Oio,Guinea-Bissau,Oio,Guinea-Bissau,Oio,NA,NA,NA,NA,NA,NA,NA,1,,,
Quinara,Guinea-Bissau,Quinara,Guinea-Bissau,Quinara,NA,NA,NA,NA,NA,NA,NA,1,,,
SAB,Guinea-Bissau,Sab,Guinea-Bissau,NA,NA,NA,NA,NA,NA,NA,NA,0,,not found,
SAB,Guinea-Bissau,Sab,Guinea-Bissau,NA,NA,NA,NA,NA,NA,NA,NA,0,2,(not found) Gabu ,
Tombali,Guinea-Bissau,Tombali,Guinea-Bissau,Tombali,NA,NA,NA,NA,NA,NA,NA,1,,,
ANBAR,Iraq,Anbar,Iraq,NA,NA,NA,NA,Al-Anbar,NA,NA,NA,1,1,,
BABIL,Iraq,Babil,Iraq,Babil,NA,NA,NA,NA,NA,NA,NA,1,,,
BAGHDAD,Iraq,Baghdad,Iraq,Baghdad,NA,NA,NA,NA,NA,NA,NA,1,,,
BASRAH,Iraq,Basrah,Iraq,NA,Basrah,NA,NA,NA,NA,NA,NA,1,,,
DIALA,Iraq,Diala,Iraq,NA,NA,NA,NA,Diyala,NA,NA,NA,1,1,,
DUHOK,Iraq,Duhok,Iraq,NA,NA,NA,NA,Dihok,NA,NA,NA,1,1,,
ERBIL,Iraq,Erbil,Iraq,NA,NA,NA,NA,Arbil,NA,NA,NA,1,1,,
KARBALAH,Iraq,Karbalah,Iraq,NA,NA,NA,NA,Karbala',NA,NA,NA,1,1,,
KIRKUK,Iraq,Kirkuk,Iraq,NA,Kirkuk,NA,NA,NA,NA,NA,NA,1,,,
MISAN,Iraq,Misan,Iraq,NA,NA,NA,NA,Maysan,NA,NA,NA,1,1,,
MUTHANA,Iraq,Muthana,Iraq,NA,NA,NA,NA,Al-Muthannia,NA,NA,NA,1,1,,
NAINAWA,Iraq,Nainawa,Iraq,NA,NA,NA,NA,Ninawa,NA,NA,NA,1,1,,
NAJAF,Iraq,Najaf,Iraq,NA,NA,NA,NA,An-Najaf,NA,NA,NA,1,,,
QADISYAH,Iraq,Qadisyah,Iraq,NA,NA,NA,NA,Al-Qadisiyah,NA,NA,NA,1,1,,
SALAHADDIN,Iraq,Salahaddin,Iraq,NA,NA,NA,NA,Sala ad-Din,NA,NA,NA,1,1,,
SULAIMANIYA,Iraq,Sulaimaniya,Iraq,NA,NA,NA,NA,As-Sulaymaniyah,NA,NA,NA,1,1,Sulaymaniya,
THIQAR,Iraq,Thiqar,Iraq,NA,NA,NA,NA,Dhi-Qar,NA,NA,NA,1,1,Pshdar,
WASIT,Iraq,Wasit,Iraq,Wasit,NA,NA,NA,NA,NA,NA,NA,1,,,
FERIZAJ,Kosovo,Ferizaj,Kosovo,NA,NA,NA,NA,NA,Uroševac,NA,NA,1,2,(available at both level 1 and 2) Prizren,
GJAKOVA,Kosovo,Gjakova,Kosovo,NA,NA,NA,NA,NA,Đakovica,NA,NA,1,2,(available at both level 1 and 2) Ðakovica,
GJILAN,Kosovo,Gjilan,Kosovo,NA,NA,NA,NA,NA,Gnjilane,NA,NA,1,2,(available at both level 1 and 2) Gnjilane,
MITROVICA,Kosovo,Mitrovica,Kosovo,NA,NA,NA,NA,NA,Kosovska Mitrovica,NA,NA,1,2,(available at both level 1 and 2) Ðakovica,
PEJA,Kosovo,Peja,Kosovo,NA,NA,NA,NA,NA,Peć,NA,NA,1,2,Pec ,
PRISHTINA,Kosovo,Prishtina,Kosovo,NA,NA,NA,NA,NA,Priština,NA,NA,1,2,(available at both level 1 and 2) Pristina,
PRIZREN,Kosovo,Prizren,Kosovo,NA,Prizren,NA,NA,NA,NA,NA,NA,1,,(available at both level 1 and 2) ,
BEREA,Lesotho,Berea,Lesotho,Berea,NA,NA,NA,NA,NA,NA,NA,1,,,
BOTHA BOTHE,Lesotho,Botha Bothe,Lesotho,NA,NA,NA,NA,Butha-Buthe,NA,NA,NA,1,1,,
LERIBE,Lesotho,Leribe,Lesotho,Leribe,NA,NA,NA,NA,NA,NA,NA,1,,,
MAFETENG,Lesotho,Mafeteng,Lesotho,Mafeteng,NA,NA,NA,NA,NA,NA,NA,1,,,
MASERU,Lesotho,Maseru,Lesotho,Maseru,NA,NA,NA,NA,NA,NA,NA,1,,,
MOHALES HOEK,Lesotho,Mohales Hoek,Lesotho,NA,NA,NA,NA,Mohale's Hoek,NA,NA,NA,1,1,,
MOKHOTLONG,Lesotho,Mokhotlong,Lesotho,Mokhotlong,NA,NA,NA,NA,NA,NA,NA,1,,,
QACHAS NEK,Lesotho,Qachas Nek,Lesotho,NA,NA,NA,NA,Qacha's Nek,NA,NA,NA,1,1,,
QUTHING,Lesotho,Quthing,Lesotho,Quthing,NA,NA,NA,NA,NA,NA,NA,1,,,
THABA TSEKA,Lesotho,Thaba-Tseka,Lesotho,Thaba-Tseka,NA,NA,NA,NA,NA,NA,NA,1,,,
ALAOTRA MANGORO,Madagascar,Alaotra Mangoro,Madagascar,NA,NA,NA,NA,NA,Alaotra-Mangoro,NA,NA,1,2,Antananarivo,
AMORON I MANIA,Madagascar,Amoron i Mania,Madagascar,NA,NA,NA,NA,NA,Amoron'i mania,NA,NA,1,2,Antsiranana,
ANALAMANGA,Madagascar,Analamanga,Madagascar,NA,Analamanga,NA,NA,NA,NA,NA,NA,1,,,
ANALANJIROFO,Madagascar,Analanjirofo,Madagascar,NA,Analanjirofo,NA,NA,NA,NA,NA,NA,1,,,
ANDROY,Madagascar,Androy,Madagascar,NA,Androy,NA,NA,NA,NA,NA,NA,1,,(available at multiple levels),
ANOSY,Madagascar,Anosy,Madagascar,NA,Anosy,NA,NA,NA,NA,NA,NA,1,,(available at multiple levels),
ATSIMO ANDREFANA,Madagascar,Atsimo Andrefana,Madagascar,NA,NA,NA,NA,NA,Atsimo-Andrefana,NA,NA,1,2,Antsiranana,
ATSIMO ATSINANANA,Madagascar,Atsimo Atsinanana,Madagascar,NA,NA,NA,NA,NA,Atsimo-Atsinana,NA,NA,1,2,Antsiranana,
ATSINANANA,Madagascar,Atsinanana,Madagascar,NA,Atsinanana,NA,NA,NA,NA,NA,NA,1,,,
BETSIBOKA,Madagascar,Betsiboka,Madagascar,NA,Betsiboka,NA,NA,NA,NA,NA,NA,1,,,
BOENY,Madagascar,Boeny,Madagascar,NA,Boeny,NA,NA,NA,NA,NA,NA,1,,,
BONGOLAVA,Madagascar,Bongolava,Madagascar,NA,Bongolava,NA,NA,NA,NA,NA,NA,1,,,
DIANA,Madagascar,Diana,Madagascar,NA,Diana,NA,NA,NA,NA,NA,NA,1,,,
HAUTE MATSIATRA,Madagascar,Haute Matsiatra,Madagascar,NA,NA,NA,NA,NA,Haute matsiatra,NA,NA,1,2,Toamasina,
IHOROMBE,Madagascar,Ihorombe,Madagascar,NA,Ihorombe,NA,NA,NA,NA,NA,NA,1,,,
ITASY,Madagascar,Itasy,Madagascar,NA,Itasy,NA,NA,NA,NA,NA,NA,1,,,
MELAKY,Madagascar,Melaky,Madagascar,NA,Melaky,NA,NA,NA,NA,NA,NA,1,,,
MENABE,Madagascar,Menabe,Madagascar,NA,Menabe,NA,NA,NA,NA,NA,NA,1,,,
SAVA,Madagascar,Sava,Madagascar,NA,Sava,NA,NA,NA,NA,NA,NA,1,,,
SOFIA,Madagascar,Sofia,Madagascar,NA,Sofia,NA,NA,NA,NA,NA,NA,1,,,
VAKINANKARATRA,Madagascar,Vakinankaratra,Madagascar,NA,Vakinankaratra,NA,NA,NA,NA,NA,NA,1,,,
VATOVAVY FITOVINANY,Madagascar,Vatovavy Fitovinany,Madagascar,NA,Vatovavy Fitovinany,NA,NA,NA,NA,NA,NA,1,,,
Khangai,Mongolia,Khangai,Mongolia,NA,Khangai,NA,NA,NA,NA,NA,NA,1,,,
Ulaanbaatar,Mongolia,Ulaanbaatar,Mongolia,Ulaanbaatar,NA,NA,NA,NA,NA,NA,NA,1,,,
Far Western Hill,Nepal,Achham,Nepal,NA,NA,Achham,NA,NA,NA,NA,NA,1,,,
Western  Hill,Nepal,Arghakhanchi,Nepal,NA,NA,Arghakhanchi,NA,NA,NA,NA,NA,1,,,
Western  Hill,Nepal,Baglung,Nepal,NA,NA,Baglung,NA,NA,NA,NA,NA,1,,,
Far Western Hill,Nepal,Baitadi,Nepal,NA,NA,Baitadi,NA,NA,NA,NA,NA,1,,,
Far Western Mountain,Nepal,Bajhang,Nepal,NA,NA,Bajhang,NA,NA,NA,NA,NA,1,,,
Far Western Mountain,Nepal,Bajura,Nepal,NA,NA,Bajura,NA,NA,NA,NA,NA,1,,,
MId WesternTerai,Nepal,Banke,Nepal,NA,NA,Banke,NA,NA,NA,NA,NA,1,,,
Central Terai,Nepal,Bara,Nepal,NA,NA,Bara,NA,NA,NA,NA,NA,1,,,
MId WesternTerai,Nepal,Bardiya,Nepal,NA,NA,Bardiya,NA,NA,NA,NA,NA,1,,,
Central Hill,Nepal,Bhaktapur,Nepal,NA,NA,Bhaktapur,NA,NA,NA,NA,NA,1,,,
Eastern Hill,Nepal,Bhojpur,Nepal,NA,NA,Bhojpur,NA,NA,NA,NA,NA,1,,,
Central Terai,Nepal,Chitawan,Nepal,NA,NA,Chitawan,NA,NA,NA,NA,NA,1,,,
Far Western Hill,Nepal,Dadeldhura,Nepal,NA,NA,Dadeldhura,NA,NA,NA,NA,NA,1,,,
MId Western Hill,Nepal,Dailekh,Nepal,NA,NA,Dailekh,NA,NA,NA,NA,NA,1,,,
MId WesternTerai,Nepal,Dang,Nepal,NA,NA,Dang,NA,NA,NA,NA,NA,1,,,
Far Western Mountain,Nepal,Darchula,Nepal,NA,NA,Darchula,NA,NA,NA,NA,NA,1,,,
Central Hill,Nepal,Dhading,Nepal,NA,NA,Dhading,NA,NA,NA,NA,NA,1,,,
Eastern Hill,Nepal,Dhankuta,Nepal,NA,NA,Dhankuta,NA,NA,NA,NA,NA,1,,,
Central Terai,Nepal,Dhanusa,Nepal,NA,NA,Dhanusa,NA,NA,NA,NA,NA,1,,,
Central Mountain,Nepal,Dolakha,Nepal,NA,NA,Dolakha,NA,NA,NA,NA,NA,1,,,
MId Western Mountain,Nepal,Dolpa,Nepal,NA,NA,Dolpa,NA,NA,NA,NA,NA,1,,,
Far Western Hill,Nepal,Doti,Nepal,NA,NA,Doti,NA,NA,NA,NA,NA,1,,,
Western  Hill,Nepal,Gorkha,Nepal,NA,NA,Gorkha,NA,NA,NA,NA,NA,1,,,
Western  Hill,Nepal,Gulmi,Nepal,NA,NA,Gulmi,NA,NA,NA,NA,NA,1,,,
MId Western Mountain,Nepal,Humla,Nepal,NA,NA,Humla,NA,NA,NA,NA,NA,1,,,
Eastern Hill,Nepal,Ilam,Nepal,NA,NA,Ilam,NA,NA,NA,NA,NA,1,,,
MId Western Hill,Nepal,Jajarkot,Nepal,NA,NA,Jajarkot,NA,NA,NA,NA,NA,1,,,
Eastern Terai,Nepal,Jhapa,Nepal,NA,NA,Jhapa,NA,NA,NA,NA,NA,1,,,
MId Western Mountain,Nepal,Jumla,Nepal,NA,NA,Jumla,NA,NA,NA,NA,NA,1,,,
Far WesternTerai,Nepal,Kailali,Nepal,NA,NA,Kailali,NA,NA,NA,NA,NA,1,,,
MId Western Mountain,Nepal,Kalikot,Nepal,NA,NA,Kalikot,NA,NA,NA,NA,NA,1,,,
Far WesternTerai,Nepal,Kanchanpur,Nepal,NA,NA,Kanchanpur,NA,NA,NA,NA,NA,1,,,
Western  Terai,Nepal,Kapilbastu,Nepal,NA,NA,Kapilbastu,NA,NA,NA,NA,NA,1,,,
Western  Hill,Nepal,Kaski,Nepal,NA,NA,Kaski,NA,NA,NA,NA,NA,1,,,
Central Hill,Nepal,Kathmandu,Nepal,NA,NA,Kathmandu,NA,NA,NA,NA,NA,1,,,
Central Hill,Nepal,Kavrepalanchok,Nepal,NA,NA,Kavrepalanchok,NA,NA,NA,NA,NA,1,,,
Eastern Hill,Nepal,Khotang,Nepal,NA,NA,Khotang,NA,NA,NA,NA,NA,1,,,
Central Hill,Nepal,Lalitpur,Nepal,NA,NA,Lalitpur,NA,NA,NA,NA,NA,1,,,
Western  Hill,Nepal,Lamjung,Nepal,NA,NA,Lamjung,NA,NA,NA,NA,NA,1,,,
Central Terai,Nepal,Mahottari,Nepal,NA,NA,Mahottari,NA,NA,NA,NA,NA,1,,,
Central Hill,Nepal,Makwanpur,Nepal,NA,NA,Makwanpur,NA,NA,NA,NA,NA,1,,,
Western Mountain,Nepal,Manang,Nepal,NA,NA,Manang,NA,NA,NA,NA,NA,1,,,
Eastern Terai,Nepal,Morang,Nepal,NA,NA,Morang,NA,NA,NA,NA,NA,1,,,
MId Western Mountain,Nepal,Mugu,Nepal,NA,NA,Mugu,NA,NA,NA,NA,NA,1,,,
Western Mountain,Nepal,Mustang,Nepal,NA,NA,Mustang,NA,NA,NA,NA,NA,1,,,
Western  Hill,Nepal,Myagdi,Nepal,NA,NA,Myagdi,NA,NA,NA,NA,NA,1,,,
Western  Terai,Nepal,Nawalparasi,Nepal,NA,NA,Nawalparasi,NA,NA,NA,NA,NA,1,,,
Central Hill,Nepal,Nuwakot,Nepal,NA,NA,Nuwakot,NA,NA,NA,NA,NA,1,,,
Eastern Hill,Nepal,Okhaldhunga,Nepal,NA,NA,Okhaldhunga,NA,NA,NA,NA,NA,1,,,
Western  Hill,Nepal,Palpa,Nepal,NA,NA,Palpa,NA,NA,NA,NA,NA,1,,,
Eastern Hill,Nepal,Panchthar,Nepal,NA,NA,Panchthar,NA,NA,NA,NA,NA,1,,,
Western  Hill,Nepal,Parbat,Nepal,NA,NA,Parbat,NA,NA,NA,NA,NA,1,,,
Central Terai,Nepal,Parsa,Nepal,NA,NA,Parsa,NA,NA,NA,NA,NA,1,,,
MId Western Hill,Nepal,Pyuthan,Nepal,NA,NA,Pyuthan,NA,NA,NA,NA,NA,1,,,
Central Hill,Nepal,Ramechhap,Nepal,NA,NA,Ramechhap,NA,NA,NA,NA,NA,1,,,
Central Mountain,Nepal,Rasuwa,Nepal,NA,NA,Rasuwa,NA,NA,NA,NA,NA,1,,,
Central Terai,Nepal,Rautahat,Nepal,NA,NA,Rautahat,NA,NA,NA,NA,NA,1,,,
MId Western Hill,Nepal,Rolpa,Nepal,NA,NA,Rolpa,NA,NA,NA,NA,NA,1,,,
MId Western Hill,Nepal,Rukum,Nepal,NA,NA,Rukum,NA,NA,NA,NA,NA,1,,,
Western  Terai,Nepal,Rupandehi,Nepal,NA,NA,Rupandehi,NA,NA,NA,NA,NA,1,,,
MId Western Hill,Nepal,Salyan,Nepal,NA,NA,Salyan,NA,NA,NA,NA,NA,1,,,
Eastern Mountain,Nepal,Sankhuwasabha,Nepal,NA,NA,Sankhuwasabha,NA,NA,NA,NA,NA,1,,,
Eastern Terai,Nepal,Saptari,Nepal,NA,NA,Saptari,NA,NA,NA,NA,NA,1,,,
Central Terai,Nepal,Sarlahi,Nepal,NA,NA,Sarlahi,NA,NA,NA,NA,NA,1,,,
Central Hill,Nepal,Sindhuli,Nepal,NA,NA,Sindhuli,NA,NA,NA,NA,NA,1,,,
Central Mountain,Nepal,Sindhupalchok,Nepal,NA,NA,Sindhupalchok,NA,NA,NA,NA,NA,1,,,
Eastern Terai,Nepal,Siraha,Nepal,NA,NA,Siraha,NA,NA,NA,NA,NA,1,,,
Eastern Mountain,Nepal,Solukhumbu,Nepal,NA,NA,Solukhumbu,NA,NA,NA,NA,NA,1,,,
Eastern Terai,Nepal,Sunsari,Nepal,NA,NA,Sunsari,NA,NA,NA,NA,NA,1,,,
MId Western Hill,Nepal,Surkhet,Nepal,NA,NA,Surkhet,NA,NA,NA,NA,NA,1,,,
Western  Hill,Nepal,Syangja,Nepal,NA,NA,Syangja,NA,NA,NA,NA,NA,1,,,
Western  Hill,Nepal,Tanahu,Nepal,NA,NA,Tanahu,NA,NA,NA,NA,NA,1,,,
Eastern Mountain,Nepal,Taplejung,Nepal,NA,NA,Taplejung,NA,NA,NA,NA,NA,1,,,
Eastern Hill,Nepal,Terhathum,Nepal,NA,NA,Terhathum,NA,NA,NA,NA,NA,1,,,
Eastern Hill,Nepal,Udayapur,Nepal,NA,NA,Udayapur,NA,NA,NA,NA,NA,1,,,
Abia,Nigeria,Abia,Nigeria,Abia,NA,NA,NA,NA,NA,NA,NA,1,,,
Adamawa,Nigeria,Adamawa,Nigeria,Adamawa,NA,NA,NA,NA,NA,NA,NA,1,,,
Akwa Ibom,Nigeria,Akwa Ibom,Nigeria,Akwa Ibom,NA,NA,NA,NA,NA,NA,NA,1,,,
Anambra,Nigeria,Anambra,Nigeria,Anambra,NA,NA,NA,NA,NA,NA,NA,1,,,
Bauchi,Nigeria,Bauchi,Nigeria,Bauchi,NA,NA,NA,NA,NA,NA,NA,1,,,
Bayelsa,Nigeria,Bayelsa,Nigeria,Bayelsa,NA,NA,NA,NA,NA,NA,NA,1,,,
Benue,Nigeria,Benue,Nigeria,Benue,NA,NA,NA,NA,NA,NA,NA,1,,,
Borno,Nigeria,Borno,Nigeria,Borno,NA,NA,NA,NA,NA,NA,NA,1,,,
Cross River,Nigeria,Cross River,Nigeria,Cross River,NA,NA,NA,NA,NA,NA,NA,1,,,
Delta,Nigeria,Delta,Nigeria,Delta,NA,NA,NA,NA,NA,NA,NA,1,,,
Ebonyi,Nigeria,Ebonyi,Nigeria,Ebonyi,NA,NA,NA,NA,NA,NA,NA,1,,,
Edo,Nigeria,Edo,Nigeria,Edo,NA,NA,NA,NA,NA,NA,NA,1,,,
Ekiti,Nigeria,Ekiti,Nigeria,Ekiti,NA,NA,NA,NA,NA,NA,NA,1,,,
Enugu,Nigeria,Enugu,Nigeria,Enugu,NA,NA,NA,NA,NA,NA,NA,1,,,
FCT Abuja,Nigeria,Fct Abuja,Nigeria,NA,NA,NA,NA,Federal Capital Territory,NA,NA,NA,1,1,Kaduna,
Gombe,Nigeria,Gombe,Nigeria,Gombe,NA,NA,NA,NA,NA,NA,NA,1,,,
Imo,Nigeria,Imo,Nigeria,Imo,NA,NA,NA,NA,NA,NA,NA,1,,,
Jigawa,Nigeria,Jigawa,Nigeria,Jigawa,NA,NA,NA,NA,NA,NA,NA,1,,,
Kaduna,Nigeria,Kaduna,Nigeria,Kaduna,NA,NA,NA,NA,NA,NA,NA,1,,,
Kano,Nigeria,Kano,Nigeria,Kano,NA,NA,NA,NA,NA,NA,NA,1,,,
Katsina,Nigeria,Katsina,Nigeria,Katsina,NA,NA,NA,NA,NA,NA,NA,1,,,
Kebbi,Nigeria,Kebbi,Nigeria,Kebbi,NA,NA,NA,NA,NA,NA,NA,1,,,
Kogi,Nigeria,Kogi,Nigeria,Kogi,NA,NA,NA,NA,NA,NA,NA,1,,,
Kwara,Nigeria,Kwara,Nigeria,Kwara,NA,NA,NA,NA,NA,NA,NA,1,,,
Lagos,Nigeria,Lagos,Nigeria,Lagos,NA,NA,NA,NA,NA,NA,NA,1,,,
Nasarawa,Nigeria,Nasarawa,Nigeria,NA,NA,NA,NA,Nassarawa,NA,NA,NA,1,,,
Niger,Nigeria,Niger,Nigeria,Niger,NA,NA,NA,NA,NA,NA,NA,1,,,
Ogun,Nigeria,Ogun,Nigeria,Ogun,NA,NA,NA,NA,NA,NA,NA,1,,,
Ondo,Nigeria,Ondo,Nigeria,Ondo,NA,NA,NA,NA,NA,NA,NA,1,,,
Osun,Nigeria,Osun,Nigeria,Osun,NA,NA,NA,NA,NA,NA,NA,1,,,
Oyo,Nigeria,Oyo,Nigeria,Oyo,NA,NA,NA,NA,NA,NA,NA,1,,,
Plateau,Nigeria,Plateau,Nigeria,Plateau,NA,NA,NA,NA,NA,NA,NA,1,,,
Rivers,Nigeria,Rivers,Nigeria,Rivers,NA,NA,NA,NA,NA,NA,NA,1,,,
Sokoto,Nigeria,Sokoto,Nigeria,Sokoto,NA,NA,NA,NA,NA,NA,NA,1,,,
Taraba,Nigeria,Taraba,Nigeria,Taraba,NA,NA,NA,NA,NA,NA,NA,1,,,
Yobe,Nigeria,Yobe,Nigeria,Yobe,NA,NA,NA,NA,NA,NA,NA,1,,,
Zamfara,Nigeria,Zamfara,Nigeria,Zamfara,NA,NA,NA,NA,NA,NA,NA,1,,,
Alto Paraguay,Paraguay,Alto Paraguay,Paraguay,Alto Paraguay,NA,NA,NA,NA,NA,NA,NA,1,,,
Central,Paraguay,Central,Paraguay,Central,NA,NA,NA,NA,NA,NA,NA,1,,,
Resto,Paraguay,Resto,Paraguay,NA,NA,NA,NA,NA,NA,NA,NA,0,-1,Presidente Hayes,"Amambay, Caazap·, Canindey˙, ConcepciÛn, Cordillera, Guaira, Misiones, —eembuc˙, ParaguarÌ y Presidente Hayes"
San Pedro,Paraguay,San Pedro,Paraguay,San Pedro,NA,NA,NA,NA,NA,NA,NA,1,,,
BOUENZA,Republic of Congo,Bouenza,Republic of Congo,Bouenza,NA,NA,NA,NA,NA,NA,NA,1,,,
BRAZZAVILLE,Republic of Congo,Brazzaville,Republic of Congo,Brazzaville,NA,NA,NA,NA,NA,NA,NA,1,,,
CUVETTE,Republic of Congo,Cuvette,Republic of Congo,Cuvette,NA,NA,NA,NA,NA,NA,NA,1,,,
CUVETTE OUEST,Republic of Congo,Cuvette Ouest,Republic of Congo,NA,NA,NA,NA,Cuvette-Ouest,NA,NA,NA,1,1,,
KOUILOU,Republic of Congo,Kouilou,Republic of Congo,Kouilou,NA,NA,NA,NA,NA,NA,NA,1,,,
LEKOUMOU,Republic of Congo,Lekoumou,Republic of Congo,NA,NA,NA,NA,Lékoumou,NA,NA,NA,1,1,,
LIKOUALA,Republic of Congo,Likouala,Republic of Congo,Likouala,NA,NA,NA,NA,NA,NA,NA,1,,,
NIARI,Republic of Congo,Niari,Republic of Congo,Niari,NA,NA,NA,NA,NA,NA,NA,1,,,
PLATEAUX,Republic of Congo,Plateaux,Republic of Congo,Plateaux,NA,NA,NA,NA,NA,NA,NA,1,,,
POINTE NOIRE,Republic of Congo,Pointe Noire,Republic of Congo,NA,NA,NA,NA,Pointe Noire,NA,NA,NA,1,1,,
POOL,Republic of Congo,Pool,Republic of Congo,Pool,NA,NA,NA,NA,NA,NA,NA,1,,,
SANGHA,Republic of Congo,Sangha,Republic of Congo,Sangha,NA,NA,NA,NA,NA,NA,NA,1,,,
BROKOPONDO,Suriname,Brokopondo,Suriname,Brokopondo,NA,NA,NA,NA,NA,NA,NA,1,,,
COMMEWIJNE,Suriname,Commewijne,Suriname,Commewijne,NA,NA,NA,NA,NA,NA,NA,1,,,
CORONIE,Suriname,Coronie,Suriname,Coronie,NA,NA,NA,NA,NA,NA,NA,1,,,
MAROWIJNE,Suriname,Marowijne,Suriname,Marowijne,NA,NA,NA,NA,NA,NA,NA,1,,,
NICKERIE,Suriname,Nickerie,Suriname,Nickerie,NA,NA,NA,NA,NA,NA,NA,1,,,
PARA,Suriname,Para,Suriname,Para,NA,NA,NA,NA,NA,NA,NA,1,,,
PARAMARIBO,Suriname,Paramaribo,Suriname,Paramaribo,NA,NA,NA,NA,NA,NA,NA,1,,,
SARAMACCA,Suriname,Saramacca,Suriname,Saramacca,NA,NA,NA,NA,NA,NA,NA,1,,,
SIPALIWINI,Suriname,Sipaliwini,Suriname,Sipaliwini,NA,NA,NA,NA,NA,NA,NA,1,,,
WANICA,Suriname,Wanica,Suriname,Wanica,NA,NA,NA,NA,NA,NA,NA,1,,,
Centrale,Togo,Centrale,Togo,NA,NA,NA,NA,Centre,NA,NA,NA,1,1,,
Golfe Urbain,Togo,Golfe Urbain,Togo,NA,NA,NA,NA,Golfe (incl Lomé),NA,NA,NA,1,1,Plateaux,
Kara,Togo,Kara,Togo,Kara,NA,NA,NA,NA,NA,NA,NA,1,,,
Maritime,Togo,Maritime,Togo,Maritime,NA,NA,NA,NA,NA,NA,NA,1,,,
Plateaux,Togo,Plateaux,Togo,Plateaux,NA,NA,NA,NA,NA,NA,NA,1,,,
Savanes,Togo,Savanes,Togo,Savanes,NA,NA,NA,NA,NA,NA,NA,1,,,
 EUA,Tonga,'Eua,Tonga,'Eua,NA,NA,NA,NA,NA,NA,NA,1,,,
HA APAI,Tonga,Ha'apai,Tonga,Ha'apai,NA,NA,NA,NA,NA,NA,NA,1,,,
ONGO NIUA,Tonga,Ongo Niua,Tonga,NA,NA,NA,NA,Niuas,NA,NA,NA,1,1,Tongatapu,
TONGATAPU,Tonga,Tongatapu,Tonga,Tongatapu,NA,NA,NA,NA,NA,NA,NA,1,,,
VAVA U,Tonga,Vava'u,Tonga,Vava'u,NA,NA,NA,NA,NA,NA,NA,1,,,
CENTRE EST,Tunisia,Centre Est,Tunisia,NA,NA,NA,NA,NA,NA,NA,NA,0,-1,Bizerte,"Aggregate: Sousse, Monastir, Mahdia, Sfax"
CENTRE OUEST,Tunisia,Centre Ouest,Tunisia,NA,NA,NA,NA,NA,NA,NA,NA,0,-1,Bizerte,"Aggregate:Kairouan, KassÈrine, Sid Bou Zid"
DISTRICT TUNIS,Tunisia,District Tunis,Tunisia,NA,NA,NA,NA,Tunis,NA,NA,NA,1,1,Kairouan,
NORD EST,Tunisia,Nord Est,Tunisia,NA,NA,NA,NA,NA,NA,NA,NA,0,-1,Monastir,"Aggregate: Bizerte, Manubah, Nabeul, Zaghouan, Ariana, Ben Arous (Tunis Sud)"
NORD OUEST,Tunisia,Nord Ouest,Tunisia,NA,NA,NA,NA,NA,NA,NA,NA,0,-1,Sousse,"Aggregate: BÈja, Jendouba, Le Kef, Siliana"
SUD EST,Tunisia,Sud Est,Tunisia,NA,NA,NA,NA,NA,NA,NA,NA,0,-1,Sousse,"Aggregate: GabÈs, MÈdenine, Tataouine"
SUD OUEST,Tunisia,Sud Ouest,Tunisia,NA,NA,NA,NA,NA,NA,NA,NA,0,-1,Sousse,"Gafsa, Tozeur, Kebili"
Bulawayo,Zimbabwe,Bulawayo,Zimbabwe,Bulawayo,NA,NA,NA,NA,NA,NA,NA,1,,,
Harare,Zimbabwe,Harare,Zimbabwe,Harare,NA,NA,NA,NA,NA,NA,NA,1,,,
Manicaland,Zimbabwe,Manicaland,Zimbabwe,Manicaland,NA,NA,NA,NA,NA,NA,NA,1,,,
Mashonaland Central,Zimbabwe,Mashonaland Central,Zimbabwe,Mashonaland Central,NA,NA,NA,NA,NA,NA,NA,1,,,
Mashonaland East,Zimbabwe,Mashonaland East,Zimbabwe,Mashonaland East,NA,NA,NA,NA,NA,NA,NA,1,,,
Mashonaland West,Zimbabwe,Mashonaland West,Zimbabwe,Mashonaland West,NA,NA,NA,NA,NA,NA,NA,1,,,
Masvingo,Zimbabwe,Masvingo,Zimbabwe,Masvingo,NA,NA,NA,NA,NA,NA,NA,1,,,
Matabeleland North,Zimbabwe,Matabeleland North,Zimbabwe,Matabeleland North,NA,NA,NA,NA,NA,NA,NA,1,,,
Matabeleland South,Zimbabwe,Matabeleland South,Zimbabwe,Matabeleland South,NA,NA,NA,NA,NA,NA,NA,1,,,
Midlands,Zimbabwe,Midlands,Zimbabwe,Midlands,NA,NA,NA,NA,NA,NA,NA,1,,,
